"SF/GP ""Record ID Full""",Zuora Product Rate Plan Charge: ID
01t70000003Wxw6AAC,2c92c0f93d60e668013da28ad08632fb
01t700000013NdZAAU,2c92c0f93d60e668013dacbe38d67c75
01t700000013NdtAAE,
01t700000013NdlAAE,
01t70000004YDZoAAO,
01t70000004YDZtAAO,
01t70000004YDa8AAG,
01t70000004YDZyAAO,
01t70000004oiLcAAI,
01t70000004oiLXAAY,
01t70000004ofb7AAA,
01t70000005dPlOAAU,
01t70000005dPldAAE,
01t70000005dPmgAAE,
01t70000005dPlYAAU,
01t70000001m57tAAA,
01t70000003qOJpAAM,2c92c0f83d60e055013da70a52bb42c9
01t70000003qOJVAA2,2c92c0f83d60e055013da70a52bb42c9
01t70000003qOJaAAM,2c92c0f83d60e055013da70a52bb42c9
01t70000003qOJkAAM,2c92c0f93d60e66d013da70203c3091f
01t70000003qOJfAAM,2c92c0f93d60e66d013da70203c3091f
01t70000003qOJuAAM,2c92c0f93d60e66d013da70203c3091f
01t70000004FYwHAAW,
01t70000004FYwCAAW,
01t700000052NtuAAE,
01t70000004FYwMAAW,
01t700000052NtpAAE,
01t70000004FYwWAAW,
01t70000004FYwRAAW,
01t70000004FUT8AAO,
01t70000004FYvyAAG,
01t70000004YEGgAAO,
01t70000004FYvxAAG,
01t70000004YEGvAAO,
01t70000004FYw2AAG,
01t70000004FYw7AAG,
01t70000004YEGlAAO,
01t70000004YEGqAAO,
01t70000004YEH0AAO,
01t70000007AfoyAAC,
01t70000007AfotAAC,
01t700000041mjzAAA,
01t700000013NdeAAE,
01t70000004FrwcAAC,
01t700000013NdgAAE,
01t70000003qMh8AAE,2c92c0f93cf64d94013d26f8c4a77463
01t70000004FaDAAA0,2c92c0f83d60e055013da2305fb9590a
01t70000003qMh3AAE,#REF!
01t70000003qMgyAAE,#REF!
01t70000003qNrAAAU,#REF!
01t70000005dPmlAAE,#REF!
01t70000004Ftq8AAC,#REF!
01t70000003qMhDAAU,#REF!
01t70000004FtqNAAS,#REF!
01t70000003qNrFAAU,#REF!
01t70000004FZNnAAO,2c92c0f93cf64d94013d26f8c4a77463
01t70000004FZNsAAO,2c92c0f93cf64d94013d26f8c4a77463
01t70000003qNIwAAM,2c92c0f93cf64d94013d26f8c4a77463
01t70000004FZNdAAO,2c92c0f93cf64d94013d26f8c4a77463
01t70000004FZNiAAO,2c92c0f83cf64298013d275611f969e6
01t70000004FZNxAAO,2c92c0f83cf64298013d275611f969e6
01t70000004FehtAAC,2c92c0f93cf64d94013d26f8c4a77463
01t700000042Uj0AAE,2c92c0f93cf64d94013d26f8c4a77463
01t700000042UivAAE,2c92c0f83d60e064013da22e6b1543b4
01t700000013NdjAAE,
01t700000013NdoAAE,
01t70000003WuLKAA0,2c92c0f83daf6aea013db1479d466874
01t70000003WuLeAAK,2c92c0f93daf6fcc013db148cad8588d
01t70000003WuLFAA0,2c92c0f93daf6fcc013db14a907159d7
01t70000003WuLUAA0,2c92c0f93daf6fcf013db14b99ad4f32
01t70000003WuLPAA0,2c92c0f83daf6aea013db14cca126e7e
01t70000003WuLZAA0,2c92c0f93daf6fcf013db14cbc41506d
01t70000003WuLtAAK,2c92c0f93daf6fcf013db14e23e250da
01t70000003WuLjAAK,2c92c0f83daf6ae3013db14e19896fd5
01t70000003WuLoAAK,2c92c0f93daf6fcc013db14fbf775dc1
01t70000003WuLyAAK,2c92c0f93daf6fcc013db14fabb65db8
01t70000003DwcjAAC,2c92c0f93daf6fcc013db15163995ecd
01t700000013NdaAAE,
01t70000007ppY8AAI,
01t70000001sPTwAAM,
01t70000002Dcv0AAC,
01t700000013NdyAAE,2c92c0f93d60e66d013dac30fafb6df8
01t70000008FAY0AAO,
01t70000003UaGDAA0,2c92c0f83d60e055013da7117b1a5497
01t70000003UZ2EAAW,2c92c0f93d60e668013da71148de2913
01t70000003TcXQAA0,2c92c0f93d60e668013da7113e0e28fb
01t70000003UZ2JAAW,2c92c0f83d60e064013da7112cef3c26
01t70000003WZAeAAO,2c92c0f93d60e66d013da710e27c2cb9
01t70000003WuLAAA0,2c92c0f83d60e064013da72be437501f
01t70000003PIP7AAO,2c92c0f93d60e668013da72cfe164ab3
01t700000013Ne4AAE,2c92c0f93d60e66d013dac38494b7992
01t700000013Ne0AAE,2c92c0f93d60e668013dac39fc5d391f
01t700000013NdvAAE,
01t70000003ptefAAA,2c92c0f83daf6ae3013db1470b1f6aca
01t70000004FZXSAA4,2c92c0f83cf64298013d275ac8620498
01t70000004FZXNAA4,2c92c0f83cf64298013d275ac8620498
01t70000004zuOjAAI,2c92c0f83daf6ae3013db15e59397cc7
01t70000004zuOtAAI,2c92c0f83daf6ae3013db15e59397cc7
01t70000007hkcyAAA,
01t70000007hkctAAA,
01t70000007hkNSAAY,
01t70000007hkQKAAY,
01t70000003rqZvAAI,2c92c0f83dfa51fe013e0e5e78f71ea0
01t70000003rqa5AAA,2c92c0f83dfa51fe013e0e5e78f71ea0
01t70000003rqZqAAI,2c92c0f83dfa51fe013e0e5e78f71ea0
01t700000013NeEAAU,2c92c0f83d60e064013da25b31aa5e1c
01t700000013NdxAAE,2c92c0f93cf64d94013d2235853d7753
01t700000013NeIAAU,2c92c0f83d60e064013da25b31aa5e1c
01t700000013NeJAAU,2c92c0f83d60e064013da25b31aa5e1c
01t700000013NeKAAU,2c92c0f93cf64d94013d2235853d7753
01t700000013NeFAAU,2c92c0f93cf64d94013d2235853d7753
01t70000001drI0AAI,2c92c0f83d60e055013dac620cb22985
01t70000001drI5AAI,2c92c0f83d60e055013dac620cb22985
01t700000013NdsAAE,2c92c0f93d60e66d013dac61eeee3a04
01t70000001ldO8AAI,2c92c0f93d60e66d013dac61eeee3a04
01t70000003rqa0AAA,2c92c0f83dfa5201013e0e5e72c84309
01t70000003rqaAAAQ,2c92c0f83dfa5201013e0e5e72c84309
01t700000013NeGAAU,2c92c0f83d60e064013da25f9e6d6529
01t700000013NeBAAU,2c92c0f83d60e064013da25f9e6d6529
01t70000008FA7BAAW,2c92c0f93de30714013dea1a3ce05e4f
01t70000008FA76AAG,2c92c0f83de30102013dea1a27012adc
01t700000041nH6AAI,2c92c0f83dfa51fe013e0e53f4c6188c
01t700000041nHGAAY,2c92c0f83dfa51fe013e0e53f4c6188c
01t700000041nGlAAI,2c92c0f83dfa51fe013e0e53f4c6188c
01t70000003LG91AAG,2c92c0f83d60e064013da2741b9b02bb
01t70000003LG8UAAW,2c92c0f93cf64d94013d26e600dc62c2
01t70000003LG8ZAAW,2c92c0f83d60e064013da2741b9b02bb
01t70000003LG8jAAG,2c92c0f83d60e064013da2741b9b02bb
01t70000007hkbVAAQ,
01t70000003LG96AAG,2c92c0f93cf64d94013d26e600dc62c2
01t70000003LG9BAAW,2c92c0f93cf64d94013d26e600dc62c2
01t700000041nHLAAY,2c92c0f83dfa51fe013e0e54256f18a3
01t700000041nHQAAY,2c92c0f83dfa51fe013e0e54256f18a3
01t70000007hifcAAA,2c92c0f83dfa51fe013e0e54256f18a3
01t70000007hih5AAA,2c92c0f83dfa51fe013e0e54256f18a3
01t70000003LG9GAAW,2c92c0f83d60e064013da27426bd02c8
01t70000003LG9LAAW,2c92c0f83d60e064013da27426bd02c8
01t700000013NeOAAU,2c92c0f93d60e668013da23f68324606
01t700000013NeLAAU,2c92c0f93d60e668013da23f68324606
01t70000002CdxjAAC,2c92c0f83d60e055013da6f617dd1011
01t70000004FZd5AAG,2c92c0f83d60e064013da22d79904195
01t70000005mMIEAA2,2c92c0f93d60e66d013da710cd612c9d
01t70000004FU6iAAG,2c92c0f83d60e055013da28b8a4b6580
01t70000008FA7LAAW,
01t70000003sWtnAAE,2c92c0f93d60e668013da26816567f12
01t700000013NeMAAU,2c92c0f93d60e66d013daccce9bc571a
01t70000001mk2fAAA,2c92c0f83d60e055013da23f6fd46fdf
01t700000013NeSAAU,2c92c0f83d60e055013daccc065243eb
01t700000013NePAAU,2c92c0f93d60e66d013daccce9bc571a
01t700000013NeXAAU,
01t700000013NeQAAU,
01t700000013NecAAE,2c92c0f93d60e668013dac59f9ca6720
01t700000013NeTAAU,2c92c0f83d60e055013daccc065243eb
01t700000013NedAAE,2c92c0f83d60e055013da23f6fd46fdf
01t700000013NeeAAE,2c92c0f83d60e055013da6ea3a1b7a4a
01t700000013NeUAAU,
01t700000013NeiAAE,2c92c0f83d60e064013dac26e598144f
01t700000013NeYAAU,2c92c0f83d60e055013dacc2f7a638be
01t70000002Cf0yAAC,2c92c0f83d60e055013da6f44af70cba
01t70000002Cf13AAC,2c92c0f83d60e055013da6f44af70cba
01t70000001M29DAAS,2c92c0f93d60e66d013dacc2de7b496e
01t70000004FZdFAAW,2c92c0f83d60e064013da22e6b1543b4
01t700000013NejAAE,2c92c0f93d60e66d013da6eed5f1618b
01t700000013NefAAE,2c92c0f83d60e064013dacc2c3d5049f
01t70000007AeTTAA0,2c92c0f83d60e055013da6f44af70cba
01t700000013NeZAAU,2c92c0f93d60e66d013da6efca3f636b
01t700000013NegAAE,
01t70000007hkynAAA,2c92c0f93d60e66d013dac54a7362117
01t700000013NeaAAE,2c92c0f93d60e668013dacc2a454035c
01t70000005mMIJAA2,2c92c0f93d60e668013da710b39b27b0
01t70000007R37iAAC,2c92c0f83d60e055013da70fbdaf51da
01t70000003UdgaAAC,2c92c0f83d60e064013da710967c3a95
01t700000041nc1AAA,2c92c0f83d60e055013da70fbdaf51da
01t70000001VKgHAAW,2c92c0f93d60e668013da6efd51c55de
01t70000001VKgMAAW,2c92c0f83d60e064013dacc25a770458
01t70000001MEp1AAG,2c92c0f93d60e66d013da6efdc5e6378
01t70000001MEowAAG,2c92c0f83d60e055013dacc27f6337ac
01t70000003CkwgAAC,2c92c0f83d60e064013da72cf0405098
01t700000013NemAAE,2c92c0f83cf64298013d270153041a30
01t700000013NerAAE,
01t700000013NeVAAU,2c92c0f83d60e055013dac26f32d4fc7
01t700000013NesAAE,2c92c0f83d60e064013dacc3009905a7
01t70000008FA7QAAW,2c92c0f83d60e055013dac58f79c1a3b
01t70000003WUTLAA4,2c92c0f93d60e668013daccf6c191167
01t70000003WUTaAAO,2c92c0f83d60e055013daccf48dc4895
01t70000003WUTfAAO,2c92c0f83d60e055013da2681b142927
01t70000001q7UoAAI,2c92c0f93d60e66d013dac4eba0719a3
01t700000013NetAAE,
01t700000013NeuAAE,2c92c0f83d60e064013da6f5d1dd7c68
01t700000013NevAAE,2c92c0f93d60e66d013da6f605676e89
01t70000008FBwYAAW,2c92c0f83dfa51fe013e0e12e65d67d6
01t700000013NexAAE,2c92c0f83d60e055013da6f60e220f02
01t700000013NeRAAU,2c92c0f93d60e668013da6f5dae7623d
01t700000013NezAAE,
01t70000003rqbUAAQ,2c92c0f83dfa51fe013e0e5e78f71ea0
01t70000003rqbZAAQ,2c92c0f83dfa51fe013e0e5e78f71ea0
01t70000003rqbPAAQ,2c92c0f83dfa51fe013e0e5e78f71ea0
01t700000013Nf6AAE,2c92c0f83d60e064013da25b31aa5e1c
01t700000013Nf7AAE,2c92c0f93cf64d94013d2235853d7753
01t70000002CkYWAA0,2c92c0f83d60e064013da25b31aa5e1c
01t700000013Nf5AAE,2c92c0f83d60e064013da25b31aa5e1c
01t700000013NfCAAU,2c92c0f93cf64d94013d2235853d7753
01t700000013Nf0AAE,2c92c0f93cf64d94013d2235853d7753
01t70000001drI1AAI,2c92c0f83d60e055013dac620cb22985
01t700000013NfGAAU,2c92c0f93d60e66d013dac61eeee3a04
01t70000003rqbFAAQ,2c92c0f83dfa5201013e0e5e72c84309
01t70000003rqbKAAQ,2c92c0f83dfa5201013e0e5e72c84309
01t70000002CkYbAAK,2c92c0f83d60e064013da25f9e6d6529
01t700000013NfLAAU,2c92c0f83d60e064013da25f9e6d6529
01t700000013NfMAAU,
01t700000013NfHAAU,
01t700000041nHaAAI,2c92c0f83dfa51fe013e0e53f4c6188c
01t700000041nHVAAY,2c92c0f83dfa51fe013e0e53f4c6188c
01t700000041nGwAAI,2c92c0f83dfa51fe013e0e53f4c6188c
01t70000005mMIiAAM,2c92c0f83d60e064013da2741b9b02bb
01t70000003LG8eAAG,2c92c0f93cf64d94013d26e600dc62c2
01t70000002Jax7AAC,2c92c0f83d60e064013da2741b9b02bb
01t70000002JW2xAAG,2c92c0f83d60e064013da2741b9b02bb
01t70000002JaxCAAS,2c92c0f93cf64d94013d26e600dc62c2
01t70000002JW32AAG,2c92c0f93cf64d94013d26e600dc62c2
01t700000041nH1AAI,2c92c0f83dfa51fe013e0e54256f18a3
01t700000041nHBAAY,2c92c0f83dfa51fe013e0e54256f18a3
01t70000003DxjXAAS,2c92c0f83d60e064013da27426bd02c8
01t70000003DxjcAAC,2c92c0f83d60e064013da27426bd02c8
01t700000013NfPAAU,2c92c0f93d60e668013da74b6f0d00c7
01t700000013NfIAAU,2c92c0f93d60e66d013da74c85bd01eb
01t700000052MOAAA2,2c92c0f93d60e66d013da74d22a503ca
01t700000052MOFAA2,2c92c0f93d60e66d013da74d22a503ca
01t700000013NfJAAU,2c92c0f93d60e66d013da74d98290584
01t70000002rIErAAM,2c92c0f93d60e668013da74e22ba0489
01t700000013NfDAAU,2c92c0f93d60e668013da7519a470b53
01t70000002rIEwAAM,2c92c0f93d60e668013da75220f00bd3
01t70000002rIF1AAM,2c92c0f93d60e668013da7519a470b53
01t70000002rI5zAAE,2c92c0f83d60e055013da752967c40b1
01t70000008FA7GAAW,
01t70000007IylHAAS,
01t70000007IylZAAS,
01t70000007IylGAAS,
01t70000007IyloAAC,
01t70000007IyljAAC,
01t70000007IylPAAS,
01t70000003WUTpAAO,
01t70000003pZgWAAU,
01t70000007IykbAAC,
01t70000007IykgAAC,
01t70000007IyleAAC,
01t70000007IykvAAC,
01t70000007Iyl0AAC,
01t70000007Iyl5AAC,
01t70000007IylAAAS,
01t70000007IylFAAS,
01t70000007IylKAAS,
01t70000007IykwAAC,
01t70000007q3pMAAQ,
01t70000007q3pHAAQ,
01t70000007IylUAAS,
01t70000007IylVAAS,
01t70000003q9w5AAA,
01t70000003q9wKAAQ,
01t70000003q9wsAAA,
01t70000003q9wZAAQ,
01t70000003q9weAAA,
01t70000003q9wxAAA,
01t70000003q9x2AAA,
01t70000003q9wEAAQ,
01t70000003q9wTAAQ,
01t70000003q9wOAAQ,
01t70000003q9wJAAQ,
01t70000003q9wYAAQ,
01t70000003q9wdAAA,
01t70000003q9wiAAA,
01t70000003q9wnAAA,
01t700000013Ne2AAE,2c92c0f83d60e055013dac3d9a217084
01t70000004FeorAAC,2c92c0f83d60e064013da289526f250c
01t70000005mMKZAA2,2c92c0f83d60e055013da285527759e4
01t70000003WUTBAA4,2c92c0f83d60e055013da285527759e4
01t70000003pa41AAA,2c92c0f83d60e055013da285527759e4
01t70000003UZ0IAAW,
01t70000004GHfmAAG,
01t70000007AfooAAC,
01t70000007AeTOAA0,2c92c0f83d60e055013da6f617dd1011
01t70000004FtiTAAS,2c92c0f83d60e055013da6f617dd1011
01t700000013NfQAAU,
01t70000003NgTuAAK,2c92c0f93d60e668013da700b35b7f63
01t700000013NfVAAU,2c92c0f93d60e668013dac3ee17e3e67
01t70000004FZXrAAO,2c92c0f93daf6fcc013db15e6af06ab6
01t70000004FZdAAAW,2c92c0f93daf6fcc013db15e6af06ab6
01t70000004zuOyAAI,2c92c0f83daf6ae3013db15e59397cc7
01t70000004zuOoAAI,2c92c0f83daf6ae3013db15e59397cc7
